{
    "model": "Autoencoder",
    "accuracy": 0.8527917884207585,
    "precision": 0.6908937498298873,
    "recall": 0.456084136386232,
    "f1_score": 0.5494538003088156,
    "training_time": 185.14,
    "threshold": 0.05790372971203632,
    "epochs": 10,
    "batch-size": 1024
}