{
    "model": "1D-CNN",
    "accuracy": 0.9874428752786248,
    "precision": 0.9878511824962568,
    "recall": 0.9874428752786248,
    "f1_score": 0.9872554997307297,
    "training_time": 2872.22,
    "prediction_time": 69.89,
    "epochs": 5,
    "batch_size": 1024
}