{
    "model": "Random Forest",
    "accuracy": 0.9993870548338388,
    "precision": 0.9993868626927207,
    "recall": 0.9993870548338388,
    "f1_score": 0.9993862123423853,
    "training_time": 1245.48,
    "prediction_time": 13.16
}
