{
    "model": "Random Forest",
    "accuracy": 0.9994978564600295,
    "precision": 0.9994973836864292,
    "recall": 0.9994978564600295,
    "f1_call": 0.9994969902017785,
    "training_time": 1245.48,
    "prediction_time": 13.16
}