{
    "model": "Autoencoder",
    "accuracy": 0.8552647864180781,
    "precision": 0.6966675273106064,
    "recall": 0.46864949361251024,
    "f1_score": 0.5603503218922539,
    "training_time": 200.19,
    "threshold": 0.07254235598154743,
    "epochs": 10,
    "batch-size": 1024
}